year,month,TF,ZW,STE
1200,1,-5.4208794311653,-0.020718392397687684,-0.9355348188012652
1200,2,-2.01142917866624,-0.16165431180713086,-0.8760960698968986
1200,3,-1.262207270931693,-0.0718805077999917,-1.012023896964982
1200,4,0.1971031231159452,-0.09781192558122766,-0.8544098833134004
1200,5,2.740095096320974,-0.04679547663166007,-0.5272747350946924
1200,6,3.144518813942533,-0.1829710124929345,-0.6415941221756916
1200,7,1.9500361974782088,-0.13587329118975053,-0.9371042974227214
1200,8,2.538136228061931,-0.1045912588510202,-1.0301644534241463
1200,9,3.585081459878518,-0.11372541032728427,-0.9700372082979536
1200,10,3.154319244105168,-0.09055325555366509,-1.309808600404831
1200,11,3.384127386970499,-0.12962020365782173,-1.2041852290454496
1200,12,4.525459743573851,-0.0968830503032799,-1.2542931532821748
1201,1,8.155995738406881,-0.12701517927556652,-1.2941272340181955
1201,2,9.013321526795734,-0.15897446380302743,-1.1153345804312986
1201,3,10.55311077896527,0.003840784246476078,-0.7844087239305844
1201,4,11.889503297028856,-0.05230864943431918,-0.4735069253150635
1201,5,11.958914872524463,-0.016592136747727866,-0.3050318378985643
1201,6,9.023644131429863,-0.012085921603532647,-0.112459380097419
1201,7,6.224159395690047,-0.08215440371199491,0.2227763531838166
1201,8,5.113264278136527,0.09655728604513052,0.2933508956194748
1201,9,5.325754867908447,-0.0070981218353135585,0.693137821863362
1201,10,4.231236265382301,0.04039064187251082,0.8392077505358121
1201,11,3.610064829671928,0.017007047631092113,1.131035190335366
1201,12,0.351927908725243,0.10856358410858748,1.0543991638832373
1202,1,-0.9949340803391986,0.11150047320021418,1.1644427500390282
1202,2,-1.694082883015906,0.21499137730911153,1.348418933453556
1202,3,-1.5717881342650109,0.10492053036114014,1.6076558229898907
1202,4,-4.093729794648558,0.17241483111604652,1.2792247008353574
1202,5,-5.7566039363395465,0.025870642207582572,0.9133969094761764
1202,6,-6.139351625671122,0.1718132318505496,1.0815476434575464
1202,7,-4.870312700415529,0.0627494187766012,1.2014372267662412
1202,8,-3.5845562783841625,0.10393124434402613,1.2439041852595736
1202,9,-3.103968349640072,0.056300409970749726,1.207163084259438
1202,10,-3.436031943381094,0.09497472823160986,1.146930669821567
1202,11,-4.146840512737437,0.03689243242312536,1.1252103193239924
1202,12,-5.509137930000234,0.09831372882534135,1.1207628662210978
1203,1,-5.095700282008122,0.09028410355556897,1.2796706030438132
1203,2,-8.984220516837523,0.0438712545678823,0.924485366827454
1203,3,-10.027824713525634,-0.007970366670475501,0.3022018798515352
1203,4,-11.768744089988727,-0.06589999222300046,-0.0581582053679391
1203,5,-12.409272013769105,-0.03576357357577411,-0.2218582222378735
1203,6,-10.18357989844228,-0.06322087379335545,-1.0590483533973334
1203,7,-7.469984922440195,-0.0912972611404064,-1.5852036941307102
1203,8,-3.687307680613495,-0.03617168166306764,-1.6450987991374424
1203,9,-1.79897048267593,-0.018369091888015828,-1.710211693781976
1203,10,-0.9811451370712988,-0.07320273520029841,-1.7229533259477972
1203,11,0.7141507297596663,-0.09385298955138073,-1.797270585830864
1203,12,3.6008424425790952,-0.08327775774623278,-1.6409148437580403
1204,1,5.763825201005404,-0.1255981899248875,-1.4654763964037651
1204,2,5.972322214848962,-0.19789984764461474,-1.3229427536833136
1204,3,6.80116580678117,-0.017826915663028898,-1.1440018672051415
1204,4,8.458246831070019,-0.08412324439679045,-0.9263617841466943
1204,5,8.456529490097983,-0.06655388808795157,-0.8083310978739751
1204,6,8.224562160152086,-0.02619990162100218,-0.4708993002196745
1204,7,6.911801444312888,-0.0766319427098851,-0.2946698389401344
1204,8,5.105154383076063,-0.10409908383249589,-0.2536410457984688
1204,9,3.6067675645677584,-0.149117986239199,-0.2221228698764681
1204,10,1.8094871752715176,-0.12944540223332343,-0.5153650095777013
1204,11,1.755338798941106,-0.033135612108658175,-0.7729704369684108
1204,12,3.798844848428412,-0.037922258533209206,-0.7563267967695871
1205,1,5.159243719760064,-0.13490249589969078,-0.744152225223103
1205,2,4.672014220076036,0.06324067155993028,-0.3554070914458666
1205,3,5.087537196920915,-0.08307109586658473,-0.180480969975963
1205,4,4.775909939605868,-0.0105805637630307,-0.0339148226525741
1205,5,5.100485349884658,-0.03167744666234638,0.1823757875291285
1205,6,3.1432213220229075,0.05167178233136058,0.1103606015117583
1205,7,3.965635118596688,0.01711472785769273,0.3323057558275778
1205,8,5.090369363938543,-0.03514201018572812,0.7386954168366007
1205,9,3.706377665016384,0.016780174750300792,0.6616346263544337
1205,10,3.682945571429319,0.02412492037595208,0.4477720177461204
1205,11,4.8081849769806535,0.01893078180295204,0.5640235339801355
1205,12,4.385529577540859,0.09159555215493392,0.5161500651866663
1206,1,4.911534564277154,0.030778238192812626,0.5864825507604405
1206,2,3.0978863215382675,0.014361087126217887,0.6487395757271505
1206,3,1.617244496043036,0.1342040904615254,0.8821320559783505
1206,4,1.876024089207318,0.14248471288685605,1.1094879127262125
1206,5,1.3974294294341276,0.08929213922676721,0.9719579016556668
1206,6,0.824865573141867,0.10509688719444406,1.1917283078438985
1206,7,0.7013641065732271,0.20788405324837902,1.7164449927486851
1206,8,1.726694565986715,0.27408036462280355,2.2902984461888023
1206,9,0.1088380791047345,0.09750550665853307,2.35851829957402
1206,10,0.0848270460544376,0.2388825081962417,2.5861482761813623
1206,11,-1.1739018192441668,0.16125849052867103,2.858564351203919
1206,12,-5.461316897006459,0.3753590207245415,2.8834836063995084
1207,1,-10.229998777175952,0.19588019442977964,2.6702335324337323
1207,2,-16.592909886424533,0.15459651465412752,2.2581187209996365
1207,3,-20.9545989215972,0.0888317558643649,1.2855667860367648
1207,4,-22.652197685021527,0.007257925333734668,0.4469955827645405
1207,5,-21.92487570797497,0.03739685756792023,-0.0177890227731674
1207,6,-18.315248678819422,-0.07480664488827737,-0.8658699023194384
1207,7,-14.703379815455069,-0.09135195014105875,-1.9528309928162184
1207,8,-12.049262802593605,-0.09330806848906394,-2.358241522905789
1207,9,-11.0105826499967,-0.11808257433842717,-2.8657798365536853
1207,10,-7.383387609804654,-0.16301083542362865,-2.9108438529809773
1207,11,-5.731943099664177,-0.19973455265902473,-2.6676312662695496
1207,12,-2.202858753351922,-0.23890384444718696,-2.620284211086218
1208,1,2.2308554874245514,-0.1628609118731797,-2.500729576161783
1208,2,6.449092639014213,-0.14254922680844467,-2.2543336173617345
1208,3,6.962305451914555,-0.21788305200422833,-1.9646546253231048
1208,4,7.06266223647483,-0.12647415482415886,-1.5199905018577102
1208,5,8.25351189567377,-0.07771910408118785,-1.3184584775972434
1208,6,8.258528779597958,-0.12388054570178147,-1.1157861866917318
1208,7,7.6105386371149875,-0.05274081479484298,-1.0042727002196197
1208,8,6.315789842256051,-0.20009504504581416,-0.9283335975758992
1208,9,3.449523443058641,-0.20259498136018203,-1.0491894464269649
1208,10,1.9065525583927423,-0.1690749644988847,-1.1321482061105763
1208,11,1.069674423760414,-0.21523521606389098,-1.2624877761030913
1208,12,2.4738354850493067,-0.1367144530547068,-1.2282108663035824
1209,1,5.1469720328320765,-0.14906510411040177,-1.080732690686145
1209,2,5.3342577008681165,-0.1776009740144162,-0.9061943203223892
1209,3,4.237019758886286,-0.09336149790126273,-0.9146776228693402
1209,4,6.846690237206386,-0.04879795350279037,-0.7268437618333187
1209,5,7.696168904169844,-0.08334890753743816,-0.5416941457603871
1209,6,5.657519941907166,-0.08984898827365839,-0.4031468195814841
1209,7,5.600774102089362,-0.08093991356251612,-0.3732338811713964
1209,8,5.490361754740484,-0.11715748327732703,-0.2937554486933993
1209,9,4.863045240470642,-0.08220359976860599,-0.1730258672757797
1209,10,4.136553727007483,-0.04391383188593526,-0.1569918066299745
1209,11,4.794149591302348,0.04975241955757536,-0.1515150296424141
1209,12,6.743397438140953,-0.08117030627079772,-0.152866932129365
1210,1,5.5403049496957095,-0.05528782329531194,-0.0732145406052558
1210,2,6.276534280777456,0.033241027649560446,0.1311839862613893
1210,3,7.057539712578546,-0.04645460442866496,0.1838260847793255
1210,4,6.703748945156585,0.05368529073005127,0.4079406901535891
1210,5,5.907697959032149,0.03680609158144085,0.5422238776124505
1210,6,5.57372254612119,0.09237303950721588,0.7282063792214063
1210,7,4.684886495402682,0.19261691632592565,1.1150954071097612
1210,8,3.736909902594767,0.14179093553274236,1.6342676018926696
1210,9,3.204483649873633,0.1397080275467627,1.8435659056454112
1210,10,2.391763148096965,0.0767707761977362,1.991530220786975
1210,11,0.6127117431944598,0.12334874459639042,1.9021212512098808
1210,12,-1.6790540034172046,0.08261435404595727,2.0808407495484147
1211,1,-4.82629217440909,0.14708053839517637,2.045682737996446
1211,2,-6.849308985119922,0.23733602334161708,1.8362511041436649
1211,3,-8.043442759587482,0.0923807299523189,1.5750664465723196
1211,4,-8.762258573391165,0.0935674452374128,1.3736106927219218
1211,5,-9.317162659954688,0.06844947804175025,1.1567331661864897
1211,6,-9.544675033507437,0.09115129537238922,1.0443767996514297
1211,7,-6.6451276386347775,0.13062935470067086,1.1656531359945554
1211,8,-6.021082953901256,0.09534020854715558,0.9772083570758632
1211,9,-5.298919762442146,0.1500806180416355,0.7338719706214735
1211,10,-4.09125316611581,0.06209022076832904,1.063780871891122
1211,11,-4.4600369291233015,0.016771599618988078,1.1576986170771526
1211,12,-5.967913034483122,0.07822801778708977,1.0057871230955375
1212,1,-7.838806757565492,0.09523850455289272,0.8932921531509868
1212,2,-8.085935275635686,0.06912306305356056,0.830558136695738
1212,3,-9.341827109573396,0.023577293761861767,0.6020517012032583
1212,4,-11.17052318361797,0.01618966814762851,0.3713822783886024
1212,5,-10.701475459790158,0.0073741819692887366,0.2641721217567069
1212,6,-9.451713303475069,-0.08432476751179528,-0.2428429602466911
1212,7,-8.490430232302504,-0.10206108558562886,-0.6780379442438894
1212,8,-8.38018794590648,-0.17242304074243325,-1.2821642792732602
1212,9,-8.445975299032119,-0.14299689673137106,-2.1071652836601493
1212,10,-6.529660901592524,-0.08348848961719009,-2.406515418472017
1212,11,-2.9900197907100328,-0.09603273918688392,-2.30403932959982
1212,12,-0.3972265576352469,-0.19684797902919116,-2.060309469923476
1213,1,2.348830751781783,-0.1438312357021637,-1.9783152650910103
1213,2,5.734657446609148,-0.12988960352787282,-1.769967200771248
1213,3,8.241222413438608,-0.14188170644382875,-1.3587413959222274
1213,4,8.88101398491714,-0.1104590340228429,-1.0899972564481586
1213,5,9.513306019028771,-0.11339432283626634,-0.9843819416318144
1213,6,9.01874065492802,-0.07150793432530361,-0.8221060917622337
1213,7,7.600751781609909,-0.1651824359182864,-0.8534272341201039
1213,8,6.618795012827803,-0.03201357218363101,-0.7013133217365605
1213,9,5.652192419022855,-0.1937191532869471,-0.6255194313302929
1213,10,4.464827029317388,-0.0668255297665734,-0.910333610459884
1213,11,6.956556523576138,-0.06770255337833193,-1.0966008094122974
1213,12,8.876986238335647,-0.15875792605152564,-1.1352179372651086
1214,1,10.783525405814524,0.05559812630522539,-1.0049893150075675
1214,2,14.060948498904107,-0.08791267724196983,-0.6333182287329274
1214,3,13.623126556177494,-0.003528084011450727,-0.1959908372221584
1214,4,12.29342445327032,0.020776233709878453,0.2654180828879017
1214,5,11.059376470125937,0.04964364177233326,0.3395469520569686
1214,6,9.57559970489802,0.030042154346588513,0.5809015648164318
1214,7,6.914147138958768,0.09508240738681968,0.8673980441097966
1214,8,5.955540694302509,0.15052584166407862,1.1979411299202216
1214,9,6.010531884931373,0.08969469257551942,1.501950807801825
1214,10,6.08611775916513,0.1663734375551152,1.8801296373286136
1214,11,4.165709798441175,0.10929258982135107,2.229149740839361
1214,12,1.4203013211143456,0.2557428073151258,2.413207728162479
1215,1,-1.9478816875836915,0.3486380598234396,2.4750755984206925
1215,2,-3.581140140127075,0.24260623211753435,2.5052397967726767
1215,3,-5.7478257668718,0.17190542898340525,1.9449948105639552
1215,4,-9.375504133312615,0.16129594793531302,1.5733227411382136
1215,5,-10.923328428462217,0.1055750902157505,1.3623841281878597
1215,6,-11.136851776027004,0.11785830634933074,1.0732207530105713
1215,7,-10.36528599760892,0.06331801368075152,1.175950503554812
1215,8,-11.256679258733405,0.012524692251358011,0.91207983592548
1215,9,-10.074359408109371,0.03441407339562098,0.381406014345154
1215,10,-9.436454224376751,0.00859602108973878,0.5632173673550743
1215,11,-9.050420704849587,0.0196754556754187,0.5018711340682369
1215,12,-8.171180956089389,0.042882991818084054,0.3245325830233886
1216,1,-9.116969622748728,-0.055428169707044575,0.1021313698820446
1216,2,-8.490345484886598,0.03885469998448628,0.151610510673644
1216,3,-8.609311947099043,-0.0830699440131683,-0.0882694719276598
1216,4,-8.714910293810147,-0.024188932618621966,0.0445118038013821
1216,5,-8.449890894064527,-0.0942404750807572,-0.0939924287000605
1216,6,-7.32738651161563,-0.0818646460105182,-0.5029475492072281
1216,7,-6.68771820046211,-0.14656093739884668,-0.9058889185417311
1216,8,-6.4884945948732256,-0.09723933566731562,-1.4187640555510832
1216,9,-5.32698541152544,-0.03313798845050681,-1.743920261553986
1216,10,-3.014585132735268,-0.02914017149522824,-1.940313213757892
1216,11,-1.832382098129334,-0.13265163260772134,-1.8871728524921976
1216,12,-0.8730201270251898,-0.16899498123657886,-1.9847600971900208
1217,1,3.0069257516661083,-0.08456927266676141,-1.9423901853259653
1217,2,7.832644111371479,-0.16940201143134972,-1.5738940503551615
1217,3,7.676710967040917,-0.1464929929018976,-1.038312255240859
1217,4,7.715003556249995,-0.049294481426420615,-0.7823229740739635
1217,5,7.994506678983664,-0.025325364830055205,-0.6561846920714718
1217,6,6.442568688493746,-0.1094763771276308,-0.6344878489622676
1217,7,4.184573311533801,-0.06351308406325121,-0.6498299641928263
1217,8,2.521132696791351,-0.14722450517979113,-0.7249228094878216
1217,9,1.0918714333736392,-0.06523726361544974,-0.9157948201955536
1217,10,0.9770714725938494,-0.11439302971034315,-0.9578312648524536
1217,11,1.667929310288372,0.013423106264605562,-0.999631516938842
1217,12,2.757961595281329,-0.15820905314942235,-1.2539080344938052
1218,1,4.356533599169796,-0.060326608422034904,-1.20460950798662
1218,2,4.185069968916721,-0.16476717104977362,-1.0499692000359535
1218,3,5.087277306982574,-0.09007951968430712,-0.8979975826234003
1218,4,5.833523104540573,-0.08646886378235304,-0.7752118174821564
1218,5,5.2752011920636965,-0.07054741869832283,-0.6346220936595827
1218,6,4.031259775389205,-0.05867763472213458,-0.4779478163546664
1218,7,4.251277532102905,-0.0453376144205678,-0.3215292833248392
1218,8,5.327397392608018,-0.011043495312804847,-0.0683105935045369
1218,9,4.4751277159184415,-0.024995104520674646,0.1255989773128889
1218,10,5.295036016679029,0.030410569530200507,0.3147988017657917
1218,11,5.411978233101436,0.04340465436307031,0.4020385576863002
1218,12,5.136272272751157,0.0031395270661122732,0.3356038232989185
1219,1,4.114172451780076,0.011470597315835525,0.3829367600808298
1219,2,2.2750948132126254,0.024567552150964195,0.594798924968949
1219,3,3.063442873217594,0.15688023893944156,0.6874477897242777
1219,4,4.758693236797917,0.05391116384153661,0.767499391791227
1219,5,4.098840912873103,0.0939431036015278,0.8814181301984673
1219,6,2.4202758465045653,0.15383047494641253,0.9534061374063516
1219,7,1.2604080023778408,0.15325546007551177,1.320237094737505
1219,8,-0.1900365359706197,0.03833113763213903,1.7205301584752717
1219,9,-1.313376159494212,0.13175375563795985,1.635947953458532
1219,10,-0.5710198870226177,0.1545086389763088,1.7696636692492154
1219,11,-0.3643914061892662,0.09407706132626094,1.961827196676724
1219,12,-1.9881685337261603,0.16074510671849854,2.1942561954643782
1220,1,-4.824280049431618,0.2865665658748979,2.224450439934347
1220,2,-5.69590143533399,0.2692356434456951,2.194737256477443
1220,3,-8.582816769252124,0.13328372880666223,2.039433713605114
1220,4,-10.21463122546908,0.14282308548892492,1.6045953498876395
1220,5,-11.490320535825848,0.0729147169601166,1.2302337800858638
1220,6,-10.277795640128044,0.09875980532159483,1.2533678596253413
1220,7,-8.022936813434647,0.16550616873273655,1.5828578504739146
1220,8,-7.649357161955315,0.023375607887731034,1.611533306035512
1220,9,-7.332638973950136,0.1402159682563725,1.2292013174413037
1220,10,-6.188606922667766,0.10255044309525889,1.4450237508813952
1220,11,-6.872525201863563,0.04083943956571676,1.3541243351280294
1220,12,-7.960053005932846,0.06388496281939296,1.253771999908441
1221,1,-9.882324090816777,-0.01403819440439906,1.1115149161129478
1221,2,-11.635701793202108,0.052224870176369315,0.4128103847478374
1221,3,-9.78257331324251,0.033866266820233984,-0.0505950760100888
1221,4,-6.851426039605942,-0.00682022418910449,-0.0794297498746829
1221,5,-4.653947948326251,-0.04557224172029551,-0.1468118917797662
1221,6,-3.46699790120567,-0.06790786540159574,-0.3194535848673949
1221,7,-2.0196772353961125,-0.0036839839232037197,-0.8717755300492764
1221,8,0.260311866198077,0.032922458742448105,-0.8986370902130458
1221,9,1.835359816964342,0.015391998071287152,-0.4691636243185438
1221,10,1.9385995802895133,-0.06930549006722592,-0.416778358451343
1221,11,0.4777222215337201,-0.029259089819634012,-0.3493575881865713
1221,12,-1.126526074017686,-0.06918961547696802,-0.4078403329473545
1222,1,-0.9304024964554558,-0.035693087059744014,-0.4667094307820546
1222,2,-0.5963800396861564,-0.1758840908684024,-0.6168983130176051
1222,3,-0.7903629232945381,-0.050385653255007455,-0.7795776314136068
1222,4,1.021253111909414,-0.12642827871402085,-0.9751522843153204
1222,5,1.6015803453092112,-0.05599242608946863,-0.7580333163788309
1222,6,2.7032948951519504,-0.10373382062662573,-0.5420213392663112
1222,7,2.3874726077528106,-0.10852680846734301,-0.7746341587099669
1222,8,1.7816780157201972,-0.14676811774838472,-0.9267871908408296
1222,9,1.2673279285629986,-0.10402497284785815,-1.17826463526366
1222,10,1.093979507710449,-0.03839265325167045,-1.5223685538054403
1222,11,2.333900131590432,-0.09519350512428308,-1.498036070080598
1222,12,3.617831562210389,-0.13356109464735158,-1.2539465404274333
1223,1,3.931649983883028,-0.15114602881819703,-1.0397480518752935
1223,2,5.882755796039062,0.005209612865154549,-0.9310679146323056
1223,3,7.623567953958592,-0.0826534140020452,-0.6368144373193007
1223,4,7.929699204638124,-0.1046506403958946,-0.4641322929053407
1223,5,5.853889938403295,-0.03965841828825331,-0.4159157341844801
1223,6,4.058966444571599,-0.04611908450079358,-0.3058362967135927
1223,7,2.7524044558321563,-0.036849951525674045,-0.1659761641519468
1223,8,1.9331459700269047,-0.10279639408975487,-0.3197503286123507
1223,9,2.6174486672738384,0.0160112506603457,-0.4437055550546425
1223,10,3.1953169924383937,-0.09036950266665862,-0.5180300589876307
1223,11,4.999109367567639,-0.046808591598749616,-0.6768670650886813
1223,12,5.943105281669734,-0.020439319421752703,-0.6424117689941493
1224,1,8.420310255088078,-0.04442699441665507,-0.4253976033341513
1224,2,8.968163013956246,-0.09480255492430376,-0.23949358519961
1224,3,8.38128860774683,0.00407896644014307,-0.1325322964287803
1224,4,8.48140715274825,0.05520816710289155,-0.058257677773485
1224,5,8.331400351885973,0.006671708553883362,0.0010463867473389
1224,6,7.902311700191908,0.08686523028381471,0.3853607255303702
1224,7,6.6638010954145255,0.0762361583311528,0.9180257960878212
1224,8,6.523274904018626,0.11715074324677723,1.3209991568262476
1224,9,5.358216284390988,0.06919006127849477,1.710129757996663
1224,10,3.370486858974026,0.15267975521794022,2.004087029977426
1224,11,0.4389772402413158,0.13177754127408464,2.1229328044544906
1224,12,-1.9299478750266748,0.205702695996676,2.3086380871786463
1225,1,-6.94566510085269,0.16684059729067804,2.247318238472736
1225,2,-11.415143648569137,0.0891367970571545,1.7961056983741843
1225,3,-12.035573810965715,0.03620322256375603,0.9941655289613676
1225,4,-13.177207938195217,-0.00418231649937221,0.2229556772628314
1225,5,-11.70390015000122,0.025278229045852193,-0.0339749739962887
1225,6,-8.039176361177306,0.023498988243165934,-0.5137310084658661
1225,7,-4.305295443386815,0.01437740238802173,-1.015923649227173
1225,8,-0.8697153069927084,0.06515765982467397,-0.8927345304869605
1225,9,0.6455141721314763,0.01308471369762846,-0.5775933277447522
1225,10,0.0143470865179942,-0.10006901089168917,-0.4980913388350384
1225,11,-0.7245295545672249,-0.01962827842223007,-0.3977049245573669
1225,12,-0.2281420586145432,-0.05934267447778291,-0.3568844129238621
1226,1,0.3618671604803349,-0.02666389226123948,-0.2650195549270211
1226,2,1.9497944826999152,-0.012350854085925084,-0.1806977520004423
1226,3,1.8315109955780813,-0.11027193699574064,-0.0120597804966617
1226,4,0.4656996954331918,0.039507157810456675,0.192224219805404
1226,5,1.5688810305650456,0.003609552302887089,0.4288534427511189
1226,6,1.4685654500941303,-0.007126279894236125,0.4223471515843144
1226,7,1.071469918599407,0.0893939877416023,0.5984438445543142
1226,8,0.586507468827133,0.03326990816603528,0.8123748890234083
1226,9,0.5939936431914087,0.05710351772449236,0.8098745588209997
1226,10,1.0689914460993946,0.05862816308937135,1.0119843254860064
1226,11,-0.4495340584163466,0.006458661671907824,1.0239190685841113
1226,12,-3.003580409716925,0.010238200986780943,0.6191510100103629
1227,1,-5.394632586538984,-0.07982759772315189,0.3619145681773678
1227,2,-6.748767387106288,0.031674500175241406,0.118865627820545
1227,3,-3.129838533084036,0.11460462698714156,0.2861564146843559
1227,4,-0.7608612331643544,-0.04152035146896562,0.2545672544754052
1227,5,-0.639717363603607,0.004923546966734478,0.4404804225323336
1227,6,-1.2082491357563914,-0.04813070999702479,0.3722469258357101
1227,7,-1.2107506863143844,-0.052021209704814435,0.33622192549846
1227,8,-1.183079815809431,0.09444429880007692,0.1521106557067471
1227,9,1.168499879134539,0.08927318267560824,0.5527379063167706
1227,10,1.483230213143421,0.06737865868318793,0.9340983502035382
1227,11,0.5106844210892787,0.01015404259210738,1.0782842577599825
1227,12,-3.1295333217265213,0.01599281096585983,0.9745870725437468
1228,1,-6.426978465828816,-0.05289438909485704,0.7562591710383727
1228,2,-9.406481252535464,0.0898762400516241,0.4530421679383383
1228,3,-8.989936511198787,0.03683607442231306,0.291247184856575
1228,4,-8.322080151279426,-0.0024665942491087934,0.1520218030060915
1228,5,-7.2815399826174385,-0.027063478020586628,0.0780515955702357
1228,6,-6.982600357972478,-0.02562878537083192,-0.2436895624567499
1228,7,-4.686055169085522,0.04081899189317345,-0.4611506112460135
1228,8,-3.3110950701231348,-0.03759904177761371,-0.7896637016037646
1228,9,-2.642520678883839,-0.10252380767775769,-0.9419141088622324
1228,10,-2.739922684543327,-0.06473416977677639,-1.01816019452582
1228,11,-1.1579588740771736,-0.017201440014376693,-0.9767808708697352
1228,12,-0.189497457350047,-0.16229697651386799,-0.9031570136730568
1229,1,-0.6870358270658311,-0.16348075907036488,-0.9837431665873024
1229,2,0.727622644123584,-0.08209113571599372,-1.3699036496438808
1229,3,1.9519493085080324,-0.16469776750662513,-1.2892025710578452
1229,4,1.49910116524306,-0.15975718455573296,-1.0789108783628825
1229,5,1.2430094023984413,-0.10443895845658045,-1.0390851574271365
1229,6,1.913742798477623,-0.20597288368709826,-1.1935226306887925
1229,7,2.7002042833146,-0.15002855721566052,-1.432108837224492
1229,8,2.9923391657809217,-0.13901929298876375,-1.4701444229108631
1229,9,2.537986871142885,-0.20213316382743696,-1.7869422546671947
1229,10,2.4949663329299505,-0.1354246510171964,-2.1733120611748102
1229,11,3.747582284875129,-0.15134603392103405,-2.220580481663839
1229,12,7.822429901171043,-0.06784427335299127,-1.8035444122476665
1230,1,12.075522091787104,-0.02193287238394276,-1.4242772965046024
1230,2,14.86540355193386,-0.05333104820752109,-0.8487418692505007
1230,3,16.562030986742677,0.005949736593401089,-0.5777492281514404
1230,4,15.718262474001358,-0.06894644622031508,-0.5675356174221436
1230,5,14.295628016446976,-0.004935635998486719,-0.3781464546956175
1230,6,13.285226709706992,0.02214541536565106,-0.1005368865720117
1230,7,12.249784291410856,0.03245348298500562,0.4382839211330744
1230,8,10.622375145805314,0.03775007155075556,0.6033340483360689
1230,9,10.890094665195551,0.029024823673955296,0.9251111550411614
1230,10,8.870019659625818,0.019819216006252135,1.2537736573979976
1230,11,6.801935254627133,0.05133206728772394,1.4732664354606575
1230,12,3.8947025842826135,0.09562401996738691,1.6618005677953318
1231,1,3.302578254617324,0.24473228494029664,1.9298718060500475
1231,2,2.603159378663188,0.24540838725324707,1.861225065032675
1231,3,2.643717015964001,0.3204263748971707,1.804516845164524
1231,4,-0.7237144662834054,0.06390834839253327,1.4406707609015974
1231,5,-3.634891188957184,0.10238352574772305,1.2678434794683726
1231,6,-2.993393784964568,0.10127423403948248,1.341915349638417
1231,7,-1.3462740142307386,0.20196664581551235,1.7806616366162809
1231,8,0.2553292619648106,0.24985334725759026,2.261849029457347
1231,9,1.3150562099050578,0.2071926352319869,2.57294337737059
1231,10,1.3949012109424752,0.17607830538584282,2.6464338746458496
1231,11,0.6509957478475847,0.2269997818607961,3.0695126961846606
1231,12,-1.5029591748334667,0.4693652032461049,3.390075903058112
1232,1,-2.68294363157598,0.5116063692253858,3.2863955153558244
1232,2,-9.66851723524348,0.24272637459791258,2.9652462806282243
1232,3,-16.289229461766784,0.16890548891386858,2.1247709800725945
1232,4,-20.16420516328107,0.15742098870295948,1.2239756220516418
1232,5,-20.69569349513884,0.033649772717124986,0.8719779297020327
1232,6,-22.02537859164956,-0.014691340693151329,0.6325816825940402
1232,7,-21.05914646696575,-0.03696790346320595,-0.4532730894815963
1232,8,-18.896246111365603,-0.010368971088055868,-1.5391823885762703
1232,9,-16.93757971771342,-0.006983586044534776,-1.2296328083597958
1232,10,-14.938083140972246,0.020225681957090562,-0.8127681092303051
1232,11,-13.13039581570191,-0.049309281167693356,-0.960408601672404
1232,12,-11.487983553596465,0.00014328702867360426,-1.237392722412473
1233,1,-8.389127104701496,-0.09069003112395299,-1.2624456500402466
1233,2,-8.275554465176475,-0.13171910045586244,-1.1874016779520389
1233,3,-9.11227689928013,0.019286005261612293,-1.1969647991411958
1233,4,-5.973098927928303,-0.0960578243539903,-0.9829867707452472
1233,5,-4.0922679501049455,-0.03978685178349507,-0.7352294492664682
1233,6,-3.0562385164524555,-0.1237452588932755,-0.6216816772269392
1233,7,-3.717296768231384,-0.09953846785609846,-0.882867351685256
1233,8,-3.0662938334749223,-0.13110516099562744,-1.321746045693096
1233,9,-4.7106560834602105,-0.23445313951457297,-1.2998957471379189
1233,10,-5.285060244510026,-0.15643052051006984,-1.6290149010157384
1233,11,-4.401226304129984,-0.16728033254911426,-2.013446680280614
1233,12,-2.816235399131751,-0.16948192345506935,-2.064709441662428
1234,1,1.656792704179025,-0.1860360240435892,-1.985064502514036
1234,2,4.816197310003486,-0.17402736565049742,-1.908873537078228
1234,3,7.114120688764175,-0.11574315686242649,-1.6957585105571913
1234,4,9.923220843565325,-0.11923712235984336,-1.5141998548571174
1234,5,11.147993574019576,-0.1218954179920304,-1.2979092059536783
1234,6,11.88096733952236,-0.03997336092978613,-1.0033635123663254
1234,7,11.272043421397475,-0.15255854591612053,-0.8637466814106428
1234,8,10.1429310079137,-0.08893980191933293,-0.6584518579272044
1234,9,9.348807868953529,-0.06837954234520312,-0.3437569542177404
1234,10,8.531366679681375,-0.07145694640602245,-0.3462241474168047
1234,11,9.778943248754132,0.0615912619364985,-0.3004331930801493
1234,12,11.029423748325009,-0.013447443514288249,-0.0603591409205528
1235,1,8.455161258850936,-0.09760604209859916,-0.0810861645376787
1235,2,8.704994819194658,0.04082304985664402,0.0769479097339353
1235,3,8.23860269012031,0.037269291517509344,0.2322527929035572
1235,4,8.156054145863518,0.12077769693175844,0.5211877499301365
1235,5,7.7094241254274385,0.08990825955079663,0.6715694070774014
1235,6,6.616082671631154,0.12614139632399743,0.9769801317139256
1235,7,4.923893933368168,0.15349651871758058,1.4425705167794225
1235,8,2.650924481376383,0.10725320490884566,1.7014287837279587
1235,9,0.3292996721885813,0.07636435950545561,1.8072240336853789
1235,10,-1.7164600999508923,0.13378030213824688,1.6409192358907612
1235,11,-2.553301730469114,0.07768940765661084,1.7478034806975442
1235,12,-5.687537774691012,0.09270734058045936,1.7113846761151963
1236,1,-7.625511283043194,0.19659283071954634,1.5458647992689143
1236,2,-5.185107778954903,0.19737022995656928,1.5754086141140715
1236,3,-6.217223232674952,0.03242310848402684,1.4126967022948995
1236,4,-8.207972950281258,0.04004407128010183,1.1144690409913456
1236,5,-6.687305027949712,0.15408299185985116,1.0308530065329378
1236,6,-3.074163470874715,0.13665121519460513,1.2583797309680749
1236,7,-1.294706834025268,0.15994899952958197,1.7585520220676534
1236,8,-0.9790195226318122,0.19310770659884932,2.2432407276056874
1236,9,-1.445208627429673,0.1167363582657109,2.2495167214272094
1236,10,-1.682732994490109,0.17572131266438293,2.275760666692566
1236,11,-2.6175937740788795,0.16548253745291563,2.420545422292912
1236,12,-4.983620053709672,0.23124631800245007,2.5771113921032924
1237,1,-9.55082249512848,0.2962751756084233,2.777707764351568
1237,2,-13.558367579482065,0.2784168012669783,2.368452872845913
1237,3,-18.5566360107186,0.11578386010960004,1.7378274023726064
1237,4,-22.11599390094855,0.022874148199713763,0.9234533685910994
1237,5,-23.76428281752942,-0.028996315150644568,0.0093329960592535
1237,6,-20.702902298071745,-0.019849261009391043,-1.0212360722649767
1237,7,-18.299853393664907,-0.11766617257920625,-1.835470410970788
1237,8,-14.945873885198568,-0.04800269226991682,-2.0902945373979653
1237,9,-12.464966640412229,-0.06274042662094487,-1.9826285319345776
1237,10,-10.798998081727934,-0.07491633495739082,-1.9559705333738453
1237,11,-9.53370319739301,-0.14223597617391417,-2.129452562523984
1237,12,-7.055280583879983,-0.14295110001456018,-2.1984130068914243
1238,1,-1.8629706657327465,-0.055122161986063484,-2.04378377459809
1238,2,1.45564103727586,-0.19940706820503495,-1.7286135463142325
1238,3,3.240632424053356,-0.14831426743633552,-1.7397720723529269
1238,4,4.045525127592525,-0.10947258629790314,-1.603021479885043
1238,5,4.979810671739629,-0.11221311755336129,-1.3114599370581432
1238,6,5.801599001088117,-0.006462288214616196,-0.960983932806377
1238,7,7.0887040594817,-0.04199296191379416,-0.8578184230308147
1238,8,6.381618093018192,-0.150445126960344,-0.6837709755959349
1238,9,4.6312156605955535,-0.040372091830585204,-0.6405495105633324
1238,10,3.812857995039528,-0.045019901860297085,-0.6912360431993188
1238,11,3.841867600392284,-0.08126978123083227,-0.7916968524540867
1238,12,4.728919139453843,-0.041287799908042586,-0.868621477783895
1239,1,7.402631227741371,-0.08506497958182423,-0.7799246279867396
1239,2,7.765031576957939,-0.1117587645002624,-0.5273748662901385
1239,3,8.333407280604396,0.005868489792699326,-0.318899594785855
1239,4,9.592869689196007,0.034686544342566135,0.0390960046831856
1239,5,7.466692918459355,-0.019130684245066986,0.0008163656373158
1239,6,5.197059227481076,0.03634080042414619,0.2406044088319737
1239,7,4.493673215645113,0.06392367711401194,0.7564013447150754
1239,8,3.582461387498608,0.11160691153136656,0.9815807833218544
1239,9,3.346264835536796,0.08629819302724898,1.2031561588658524
1239,10,1.98063619035222,0.08588742959468078,1.1842960957730158
1239,11,0.8902831813859906,0.040998068121178975,1.1490914072534135
1239,12,-1.3939085604889985,0.031228921880016684,1.095314661634547
1240,1,-4.049336969620031,-0.03830037166073375,1.0233527095998334
1240,2,-7.030041656297248,0.005007992247948383,0.7370174116386792
1240,3,-6.040791532602718,0.09130553071443905,0.6554355076153212
1240,4,-4.929740778885976,0.13573973442589912,0.4566020911738802
1240,5,-2.921929503318019,0.05738002914894066,0.7733888232580232
1240,6,-3.3147502120272563,0.08990270334128958,0.7905984112478405
1240,7,-3.18323362137484,0.0921026910479675,0.9067722272403548
1240,8,-2.71590861429528,0.13500224635493643,0.9041758539619372
1240,9,-2.2262299517947386,0.06659989054626142,0.6301691561501576
1240,10,-1.958484638997364,0.11947304115164543,0.6018793141587864
1240,11,-0.9518534767158376,0.050998282294222326,0.9202473499633952
1240,12,-3.215747876243049,-0.034992272198018856,0.7225440762508354
1241,1,-6.50460320294956,-0.011879312563808208,0.4848664251272006
1241,2,-8.24432311072731,0.05718981175010152,0.4532949263642794
1241,3,-9.432073564284735,0.034602609669886736,0.5612583101192696
1241,4,-8.354109236838408,0.049516407195453624,0.5882081431863632
1241,5,-8.789454665809876,-0.024817301013233248,0.3448202086643569
1241,6,-8.175141194451339,-0.049787675912508184,0.0956930280637106
1241,7,-7.655975422169377,-0.08563382851987929,-0.4616891845831616
1241,8,-6.192120503527328,-0.021125656783139764,-0.9382737468928868
1241,9,-5.951464465627198,-0.1004256300605907,-1.003458048736923
1241,10,-5.532187191237711,-0.11117121104165663,-1.4551815614474557
1241,11,-3.7559952881999736,-0.02464297411952078,-1.650150669293097
1241,12,-1.1308090754954072,-0.1299084711862094,-1.838403837401516
1242,1,0.7467091661724444,-0.10914828830999627,-1.7410492102045745
1242,2,3.568426927384716,-0.053371540353947755,-1.405741714910729
1242,3,7.0173646485283605,-0.09109668719114086,-0.8649018655347349
1242,4,9.57353876896858,-0.007323700910000614,-0.5554435943935012
1242,5,11.810568480452153,-0.003925093259237749,-0.3918188810319139
1242,6,11.201603526671912,0.00927256863225054,0.0286736407159131
1242,7,9.21768842880778,0.01991765209557371,0.3977252121950911
1242,8,6.4712233341634295,0.024674900203601097,0.6294782522364687
1242,9,5.226997171451431,-0.001805911445230452,0.6745964096992119
1242,10,3.4253053967192773,-0.0286825909764318,0.7492795285977386
1242,11,2.351575795017908,0.028098374831616153,0.8014653516376793
1242,12,1.1626563529386644,0.06877510633244015,0.8796252448281697
1243,1,0.4103814290423119,0.054327575763193116,0.9682365760124196
1243,2,-0.8959270826477852,0.0996621993434732,1.0531452629036433
1243,3,-1.9492980087902927,0.046338120719742845,0.856678125275966
1243,4,-3.497092230878111,0.00810062994643658,0.538317925378494
1243,5,-2.532814174833011,0.05061807708202672,0.5986439947425307
1243,6,-0.3060494645031751,0.11164081615403935,0.7068317079842197
1243,7,1.945651069285948,0.17208080198427148,1.0279216454423146
1243,8,2.33944273250175,0.09191280143756511,1.5529659699377352
1243,9,1.1583217874062397,0.15956541910127597,1.690471947576016
1243,10,1.1009274711990369,0.222489439279974,1.9067400114517343
1243,11,1.218457819591592,0.11954326061159438,2.2273588433470004
1243,12,-2.993342325276505,0.12388369662913301,2.411444848472941
1244,1,-8.446783680416285,0.16967711541091535,2.268398608957004
1244,2,-11.35860599629736,0.25359476876078063,1.9563733380475123
1244,3,-12.319893282433792,0.09505312544380756,1.4277923513126674
1244,4,-14.974675407351729,0.080029816999908,1.08601925216305
1244,5,-16.632547660846665,0.04039873350078098,0.3667456305213737
1244,6,-14.673863373248157,-0.004516230670202887,0.1077676675958434
1244,7,-12.480608032357772,0.004906126852797276,-0.5706482973805913
1244,8,-10.2997289980535,-0.07711259149874773,-1.058658786225628
1244,9,-9.133460787137317,-0.002926557669866614,-1.1696746227958674
1244,10,-7.269529083180626,-0.006637099203867499,-1.184384417275421
1244,11,-4.711395298428325,-0.022495595863941086,-0.85650239948
1244,12,-4.661489542454782,-0.06407497816721161,-1.0050073039823126
1245,1,-5.139815527555415,-0.1285733400043038,-1.0143210728671077
1245,2,-4.920068123212286,-0.14468690802830633,-1.1998102335254532
1245,3,-3.2637986857787062,-0.20879131698382633,-1.66394051106311
1245,4,-1.7425241464508583,-0.14199110314385885,-1.5929875217971687
1245,5,0.2292373037418443,-0.16516262715662827,-1.5511551215895751
1245,6,2.697782346757387,-0.14377708772239664,-1.775025778776418
1245,7,4.087565526443056,-0.1521554931042959,-1.7913644447469248
1245,8,4.24074278458752,-0.17406680642256794,-1.5924099971426062
1245,9,2.517343555248916,-0.15136318639067467,-1.8643104314669616
1245,10,2.81689441145467,-0.1769248593783121,-2.1731027567694143
1245,11,3.2012496664243058,-0.21500624588843353,-2.396676633909393
1245,12,5.286591631806945,-0.21823443867229173,-2.4291014680064245
1246,1,10.22247050087705,-0.11646201690522712,-2.189059597529886
1246,2,14.347034564449364,-0.14645411451643134,-1.823652195213633
1246,3,16.329407182126488,-0.08605760803237378,-1.4241050262650077
1246,4,16.72404269777479,-0.087664732360759,-1.0025732184920206
1246,5,15.08721720113954,-0.09776866434916981,-0.9500955342264104
1246,6,12.323522085542454,-0.11684165688017306,-0.805930816944381
1246,7,11.5443515436015,-0.022881801649772847,-0.4278532874928159
1246,8,10.436487336606634,-0.07104962974474355,-0.1707550604693841
1246,9,9.199882628020951,0.013940324053319311,-0.0728068329509492
1246,10,8.173131458609287,-0.13466455062428395,0.0103104525423507
1246,11,4.922489547923405,-0.11334443313693347,-0.2294027806351675
1246,12,4.839120465225877,-0.017074239618262446,-0.2249226044004446
1247,1,6.549888820504368,-0.10898826120722492,-0.1334814260461577
1247,2,6.148745609674436,-0.15887575026013556,-0.0954723260414809
1247,3,6.2473809841237,-0.03960019580180914,-0.04173205056345
1247,4,8.135617762696253,0.0006290334029768082,0.2448375929530976
1247,5,7.881312825945817,0.044595380364638705,0.3795659564258714
1247,6,7.190911597911837,0.10100708131529415,0.5781838746045772
1247,7,6.033670829663182,0.03978985792070435,0.9090070222017006
1247,8,5.26773038960955,0.1597511469006882,1.121146645663694
1247,9,5.788385952605573,0.14053017574297638,1.3186290486687882
1247,10,4.633398633803665,0.14654022460689536,1.3905038622785133
1247,11,4.605909205025747,0.09499881076066695,1.551591763235027
1247,12,0.8110638250248327,0.08484833256481596,1.613694695241624
1248,1,-5.095700744805953,0.11391154671537432,1.5201425564964113
1248,2,-7.172611363852662,0.16064772927950746,1.0588207929242963
1248,3,-6.32245788833384,0.0767313762903344,0.7526625172120311
1248,4,-6.248976640551564,0.04423637342578473,0.6673210257104037
1248,5,-7.619034193694872,0.0909753175871999,0.4381184495656786
1248,6,-7.017856012450999,-0.018652134767001356,0.3667378667004461
1248,7,-6.6451517944533975,-0.00013321668750138795,0.2773233679167172
1248,8,-6.212638639390853,-0.0104023109175936,-0.1315180291246968
1248,9,-4.864076540475953,0.036037110492772625,-0.4420435821282459
1248,10,-3.343639896815278,0.014658709657422074,-0.2287151949376913
1248,11,-3.1554275243844496,-0.037714877941567825,-0.0707112666481265
1248,12,-4.075743817231174,-0.07748839397755172,-0.2294495205851444
1249,1,-5.188617514024365,-0.07960100643641178,-0.2659108130945771
1249,2,-3.1660863660795537,0.06930061803548972,-0.3682128433170389
1249,3,0.0316569614989582,-0.052097472998396975,-0.1693719859534776
1249,4,-0.2119660173928096,-0.05510344892281747,-0.1239098670200523
1249,5,-1.1700779993142538,-0.049279659982741184,-0.2672450350418997
1249,6,-0.09505834234128,-0.033526086152489,-0.2115390293742214
1249,7,1.8014349006936958,0.028091900439995713,-0.1802795466067138
1249,8,2.877543469846356,-0.1123559644172616,-0.0833898127810221
1249,9,1.4719310922003248,-0.05486269036048389,-0.4753892222713206
1249,10,2.1424434355324204,-0.004075680404859862,-0.645740146231198
1249,11,1.9704869364816584,-0.06751291956469738,-0.6811050750739499
1249,12,3.1949442365723706,-0.09169508533326894,-0.8254132400568429
1250,1,4.264478979380244,-0.1245940221788975,-0.9180227730726038
1250,2,6.162709504330618,-0.10782558646463333,-0.6747259221080957
1250,3,5.604055215738837,-0.07625349355441753,-0.3873662555770154
1250,4,6.469188643236626,-0.007543347820317455,-0.1378614592148776
1250,5,6.930063783711635,-0.041209265315519945,-0.1313643721407148
1250,6,5.94671829225662,0.03570362023541997,0.1394882225289903
1250,7,5.978289683379865,-0.003313228909984295,0.3689910102965614
1250,8,5.173679579037424,-0.04095899659539009,0.4502984357955188
1250,9,4.567634384412615,0.11866540405895074,0.4702452438219431
1250,10,4.457200988477289,0.003543322680973082,0.5978230209280737
1250,11,4.174656558348147,0.10793373806173452,0.6958135524557653
1250,12,4.409077893864887,0.009999433866804158,0.765132639287989
1251,1,3.5064556918588767,0.05014641687556338,0.6615221998236153
1251,2,3.474961659286464,0.0894409574007158,0.8149864403827799
1251,3,2.4543296318811514,0.16087539910693496,0.9550089880661704
1251,4,0.0811504417326106,0.08029889353739751,0.8333600542221306
1251,5,-1.136206181662295,0.040539999932254,0.6133057983622147
1251,6,-1.8071387999154869,0.06472441571130433,0.5824019043274746
1251,7,-1.358705111707538,0.005503004241306129,0.575681191346492
1251,8,-1.648419673847327,0.01372917707730743,0.2593452902371215
1251,9,-0.5275544648811002,0.042766627257224785,0.1710267727092012
1251,10,0.3405586194364505,0.021378122263947252,0.2050977487285704
1251,11,0.2997716394195954,-0.024430109331067013,0.2869694214676914
1251,12,-0.8171140369840711,0.014173017072503834,0.193866689924652
1252,1,-0.7949655288902091,0.007699059964805993,0.040766775654295
1252,2,-1.849115562184892,-0.09247130901632822,0.1096534534085872
1252,3,-4.177075532079283,-0.04943493748410777,0.1184795742399034
1252,4,-3.708648515260759,0.0020073493514321194,0.3267490713888951
1252,5,-2.6901561393265383,0.015252728793387503,0.2659811337577655
1252,6,-2.0745689743001234,-0.055890057115942124,0.2386292901128405
1252,7,-1.833338871552512,-0.06169949393547613,0.0593860241844655
1252,8,-1.7170665720609564,-0.04250219119628953,-0.4368240816921447
1252,9,-0.1255901538605479,-0.0054986943710243095,-0.4919519000763364
1252,10,1.122213482381265,-0.03184970599847221,-0.391028776281016
1252,11,1.5218488174849405,0.01623944459351684,-0.4480052225861667
1252,12,2.074806025368308,-0.10680016362339893,-0.5018921985001962
1253,1,3.779375594972424,-0.02171883153421805,-0.6352472144201317
1253,2,5.140616562457764,-0.08039409532769419,-0.3648048323213529
1253,3,4.16448018512393,-0.1324413944785536,-0.1728060933872322
1253,4,2.461666134586732,-0.032656970641496565,-0.1559113439655083
1253,5,1.7147099399070556,0.009676905037618404,-0.1139733955748115
1253,6,1.980918582762221,-0.015966220140377466,0.1513638773921188
1253,7,1.4488879659125344,0.04261164402169908,0.392450503452072
1253,8,1.786157776994782,0.04975521947550999,0.4461783811882425
1253,9,2.6731274587279,0.059782025843197466,0.6339691855800577
1253,10,2.630904973408817,0.020935083040558456,0.7727068001719967
1253,11,0.5901915380648396,-0.00035228883934166483,0.6963361223474144
1253,12,-0.9441936324478002,0.052993494928589874,0.6237492217575523
1254,1,-0.9305456279095796,0.05639250184451411,0.5948341121145797
1254,2,0.5382534577479288,0.08641514214997105,0.5160777426444397
1254,3,1.0958128680672237,0.10778963685367096,0.5222880625441367
1254,4,2.565435526557484,0.06190011963568526,0.6885830233857618
1254,5,2.318354549484269,0.09552836538160074,0.9279692310946897
1254,6,2.053773313256774,0.04718063491570762,1.0421698942726736
1254,7,1.813298354167968,0.1519656251021136,1.4318255247228442
1254,8,2.3494180221958265,0.10134758197697291,1.7259202781064804
1254,9,1.7603780631955126,0.054314945039338765,1.7430364512047938
1254,10,0.1220003130674255,0.12065302807888897,1.5569100032043175
1254,11,0.4135592645150385,0.18530760050031175,1.813640410987644
1254,12,-0.1205333264184268,0.2316148508243584,2.2618302713534164
1255,1,-4.89090184694808,0.1469824336123079,2.308940325234661
1255,2,-7.364430555971776,0.3793009921081359,2.0044166817928017
1255,3,-10.542922741470614,0.10952114645687414,1.7041293760167773
1255,4,-13.768353722248884,0.14455322415557811,1.1693291940259272
1255,5,-14.57897433682913,0.023760187804161968,0.8166710745555763
1255,6,-13.94268721900732,0.01529926760618509,0.532850875300146
1255,7,-12.313516360430231,-0.015495364455193604,-0.0769112264663142
1255,8,-10.06988971188206,0.08072005038780355,-0.5835156534094976
1255,9,-7.230482901831445,0.04188362038508865,-0.4846555020428546
1255,10,-6.050149517719723,0.026650821814042023,-0.6637819872577077
1255,11,-5.484531688035553,-0.05230015909274194,-0.7021942195359198
1255,12,-5.7594461730835445,-0.07985334697670332,-0.736164509991753
1256,1,-4.977041116886497,-0.046076177684833845,-0.9138416529897918
1256,2,-5.127649525083154,-0.23964915320481653,-1.098596211903931
1256,3,-4.698771057286534,-0.07358790141346835,-1.1071123147848063
1256,4,-1.5862170139448606,-0.11426444762703745,-1.0655359384009857
1256,5,-0.1270727714469536,-0.07667603060246488,-1.039069921681244
1256,6,0.8937916728697377,-0.04218297181159751,-1.015210782441486
1256,7,3.141301012216754,-0.03544667555051979,-0.935276016861408
1256,8,4.7113255685288,-0.04915714708989075,-0.715121283042568
1256,9,4.13589277046987,0.014142095549269856,-0.774853414505609
1256,10,4.470966621675915,-0.12561614039614377,-0.8775472094852773
1256,11,4.541988332942696,-0.04740127191431585,-0.9334270945786632
1256,12,5.496024462275074,0.050501069502593,-0.8365225813959954
1257,1,6.898451409754615,-0.09400427474612154,-0.5539197685440006
1257,2,5.811136244293231,-0.08560236816921049,-0.4079052522511357
1257,3,5.937359972399805,0.024326826111544776,-0.1082599744170355
1257,4,6.801812347986646,0.056300536596047855,0.053518301885178
1257,5,6.940009200369016,0.03773589510703523,0.1579909498098022
1257,6,7.602695589122336,0.16859845480468902,0.4039116754215238
1257,7,6.279058460720069,0.021267978985731628,0.804129773418784
1257,8,4.307235318624186,0.09572183605091387,1.1920249401486736
1257,9,3.3653150231591016,0.04276395159224938,1.3106641243323214
1257,10,1.8067859685723848,0.11526073266276114,1.1855823424918372
1257,11,2.2690134759874487,0.0927289757537339,1.3771101739581275
1257,12,1.2734189300361682,0.11519351061502356,1.637613005091177
1258,1,-3.494695277543599,0.13945246191594401,1.5309425777717507
1258,2,-4.644815208438398,0.1875594618502394,1.4502734350976094
1258,3,-5.590632283117304,0.12254219835832622,1.5097168854887186
1258,4,-5.4871581537062974,0.11676529138701802,1.3448433771195238
1258,5,-5.371007599190852,0.10854179505845862,1.3696620250494531
1258,6,-4.983454557873169,0.12348865337725819,1.3093229937242306
1258,7,-5.640030492808743,0.12991541898672254,1.1061478705070271
1258,8,-3.8979434727716886,0.11095179581924147,1.0818138702985287
1258,9,-4.132834869695711,0.10867544966148217,1.100120768685264
1258,10,-3.6405045335711694,0.12024233634133027,1.2059957853426106
1258,11,-4.271733342354206,0.10055946184373626,1.3499448184221647
1258,12,-5.873736953972393,0.09441758575056108,1.3450890321105289
1259,1,-6.852093332698521,0.05638855919647912,1.303340047237895
1259,2,-9.950656523924469,0.0918816178375088,1.0128289333656937
1259,3,-11.35367957568436,0.050592675802956906,0.693754619985154
1259,4,-13.949374225743282,-0.02399857138525037,0.5040738815272903
1259,5,-14.569626883806496,-0.008894181825383452,0.0629797232148799
1259,6,-13.6677998400776,-0.1251590996146648,-0.8509028225040064
1259,7,-11.76382546788586,-0.02846179877553735,-1.9104762281300096
1259,8,-9.037036631003623,-0.09844258981328056,-2.166162153113904
1259,9,-8.152518499043298,-0.0825696800667435,-2.5150957365608577
1259,10,-5.878543209158924,-0.15517191779489856,-2.5724119454773304
1259,11,-2.938254196865943,-0.025046148784241003,-2.6427919568644644
1259,12,2.432665106657651,-0.11481621752522021,-2.6637063185290306
1260,1,7.061271200230483,-0.18198446614917083,-2.336546892483682
1260,2,8.921401892595282,-0.1958340811253396,-2.1106941931284706
1260,3,9.932806371912443,-0.10766720102607119,-1.8283260452445205
1260,4,12.295933584510996,-0.0493261764170773,-1.2086205032796853
1260,5,12.452160591417044,-0.06664410703768762,-1.095855850913268
1260,6,11.149500064995012,0.015936632697755623,-0.837933422765153
1260,7,9.454635284141512,-0.1462911868900668,-0.692967444042017
1260,8,7.469314624652578,-0.09295203197197081,-0.6778154189152813
1260,9,6.259862672196448,-0.017095146085444112,-0.6461198026043347
1260,10,5.950065040198085,-0.0721530460950036,-0.64402995655713
1260,11,5.82304695533934,0.07339727864942644,-0.6096786121156953
1260,12,7.979776342429457,-0.05259892589180618,-0.4716764178944755
1261,1,7.454790071429958,-0.10763071788340974,-0.5126457545856729
1261,2,5.340834853753387,-0.1207983531851824,-0.5782775897207862
1261,3,5.396173756220817,0.027272021041766348,-0.309117942162905
1261,4,5.619045284562397,0.008385240735583957,0.1241334253829977
1261,5,5.353750140654651,0.04869279933996273,0.2512009871138707
1261,6,4.3847561981277305,-0.00502917542453371,0.2957951724327856
1261,7,1.9242733912093983,0.07005238383770272,0.3066284607352396
1261,8,1.832308781289953,0.05616293731334736,0.3688404697736464
1261,9,1.4910963506477344,0.00772856786416102,0.3234532052104142
1261,10,0.708819464920573,0.02273781682964686,0.1950906388286475
1261,11,1.4347942568120784,0.18470843527576006,0.4762903589896217
1261,12,1.033304570503474,-0.05478139590774086,0.622139504324625
1262,1,-2.864408392641041,-0.009018952018562358,0.5435977794892278
1262,2,-3.710754146434154,0.12860205090068533,0.5388053035168404
1262,3,-3.475137826260114,0.04154400315558442,0.5063117923710739
1262,4,-4.505972419274992,0.03244499756929181,0.3365057219362074
1262,5,-5.341702903378093,0.012120585103456422,0.3315551830768108
1262,6,-4.682011175942833,0.0766050510326324,0.5575309446783105
1262,7,-5.3142762404245545,-0.0343076598427464,0.5427458842063815
1262,8,-5.621583304637122,0.0918729227446402,0.0899520546853662
1262,9,-5.234516582624577,-0.015677674072500668,-0.2407135315190215
1262,10,-4.670302446451496,0.04683208005504294,-0.36691354240449
1262,11,-4.03303628675933,-0.020569548527701948,-0.5493987784130159
1262,12,-4.943466691123116,-0.14342801447755027,-0.8526860546529824
1263,1,-4.170644450588112,-0.11436671441658766,-1.146572803698867
1263,2,0.7688958196855976,-0.013124252525588718,-0.9820005939165598
1263,3,3.0650750664058384,-0.1220373450771129,-1.035007998576014
1263,4,4.525639425424528,-0.07892241241204041,-0.8897575947659581
1263,5,6.63153106348404,-0.045992708238133305,-0.6530296904777545
1263,6,7.19647301446684,-0.1303669934117567,-0.4949738486228277
1263,7,6.213444110846894,-0.07315977849395226,-0.4195624085328454
1263,8,4.907110825501667,-0.09324298659030734,-0.4928240814174129
1263,9,3.9350036620981705,0.013561950125737783,-0.5667091889079695
1263,10,3.7636726469189625,-0.061435132937206684,-0.5968362433866813
1263,11,2.866884752906337,-0.04492831987273913,-0.8233358221395409
1263,12,2.7414110634030022,-0.12616057618913015,-0.919536868859778
1264,1,2.53756394189066,-0.10955097090813498,-0.7830939069605606
1264,2,2.680292995365092,-0.09221379377506125,-0.5764513753308342
1264,3,3.084168071903136,-0.08445944515260725,-0.4492443624135034
1264,4,4.419437275865034,0.009212025938496134,-0.3098065963850258
1264,5,4.543278043228023,-0.027617212343715076,-0.1709906294422015
1264,6,3.918707032798925,0.009879244911217907,-0.1276065473587671
1264,7,2.7213199375485435,-0.019762033230269233,0.0452307328084006
1264,8,0.3711383711381048,-0.12481144568219764,-0.0859190005668624
1264,9,-1.124523410729472,-0.008707766991673974,-0.4071902895207117
1264,10,-0.7095513470643833,0.06422701909472468,-0.361232130895088
1264,11,-0.839605401839178,-0.08750608863210223,-0.4229886128407888
1264,12,-1.7152750243013222,-0.09961047801458457,-0.5668705076444644
1265,1,-2.506000211905966,-0.069246290786216,-0.7910941089457149
1265,2,1.1148840471210726,-0.008589718030510653,-0.9924556052250968
1265,3,4.0919433114120505,0.005541652368658124,-0.9218384816995318
1265,4,5.102405225904796,-0.05463813688626817,-0.6887603037051205
1265,5,3.9634017891160087,-0.07832014927364987,-0.6400250144733839
1265,6,3.640164201638456,0.0020431832020317816,-0.4477796376059623
1265,7,4.4199180814752586,-0.09379710011135929,-0.3486603160361177
1265,8,4.263913095692205,-0.005078739190618517,-0.5114881562008294
1265,9,4.105139911645352,-0.04835690718869118,-0.3964680857615419
1265,10,4.298176234137759,-0.04716000700344769,-0.2670437669985294
1265,11,3.706049360865946,-0.10160509636093713,-0.2902741747279292
1265,12,2.690689821502669,-0.07912310495930874,-0.3161276160265085
1266,1,2.8936832272535087,-0.09422154597035419,-0.4844732722748299
1266,2,3.253631497309846,-0.10715590711559109,-0.5354544877516789
1266,3,3.86196307292501,-0.051513231564296616,-0.3606745108821382
1266,4,5.032138042633329,-0.016278026410042893,-0.1357970411365902
1266,5,4.286911764242257,0.008903942083949047,-0.0658743010546451
1266,6,3.1924341321333563,0.07106502133073939,0.234705541592681
1266,7,1.8686115361636872,0.039265886977120724,0.5019786661301692
1266,8,0.320599255811873,0.03857410697873659,0.5036457093880289
1266,9,-0.3408575914396565,-0.04234576461935609,0.342458565861056
1266,10,-0.6321495679447846,0.08648006033977046,0.1141744964120228
1266,11,0.72468070051691,0.007340179887043054,0.1580106885316982
1266,12,-0.5539970550069304,-0.06579876119553345,0.211814171268806
1267,1,-3.106454219360077,-0.038975205201282975,-0.0461297337838601
1267,2,-4.8032601426844845,-0.04649704632643103,-0.2765772711120913
1267,3,-5.159959085285478,-0.051122042561942686,-0.1548208136316709
1267,4,-6.706732213814789,-0.08340487400004298,-0.3445840880577664
1267,5,-6.284538000072784,-0.12575086714775444,-0.4115727193762264
1267,6,-5.216876759642836,-0.11842879442526806,-0.9787279644753212
1267,7,-3.146399953304816,-0.059758140906597854,-1.4373727341116405
1267,8,0.1286278381697035,-0.13543790636025868,-1.4350114077259777
1267,9,1.1721648361131198,-0.08875904318187719,-1.7645074096224085
1267,10,2.201698411623409,-0.15047446282964783,-1.861380524438123
1267,11,2.414167551440426,-0.11262195366947575,-1.966952295978936
1267,12,5.299680766524319,-0.154972324101544,-1.9397868142138013
1268,1,8.07192116668803,-0.24001171869516666,-1.7412790470613484
1268,2,9.891837002363037,-0.137384046175658,-1.4959438930073528
1268,3,11.371428751695449,-0.06371949522623309,-1.2224667944118992
1268,4,13.246796858602645,-0.09362317204736352,-0.9671567020940364
1268,5,13.008397116507838,-0.042640704394181037,-0.7257893985675894
1268,6,11.140229554868048,-0.04507535596530791,-0.3966280997357779
1268,7,8.50524142318285,-0.07038109996074457,-0.1498992322396993
1268,8,6.688291853313545,-0.056033715857753345,-0.1345750096893538
1268,9,5.630429125859027,-0.1155871368687645,-0.1710354654337248
1268,10,5.050659046654702,-0.041850230266140695,-0.3051607819551852
1268,11,5.011484662730762,0.02729938253759759,-0.5620888197354366
1268,12,7.41309345032985,0.0002452565325606838,-0.542306231362083
1269,1,9.37203984643827,-0.06455646772019806,-0.4188872286043789
1269,2,10.823074472483611,0.03013578949176941,-0.1765311379299134
1269,3,10.985056779527822,0.04838406492333399,0.2048345564560409
1269,4,10.934861316532077,0.05638409424555328,0.4407181901146641
1269,5,10.339609837432093,0.06551356374491939,0.659259969700779
1269,6,8.721258334895527,0.14339080536629925,0.7146006679305744
1269,7,7.248146864837377,0.12612540226554375,1.218675940024934
1269,8,5.838055035238427,0.18961710062753626,1.7870545683906922
1269,9,4.790835718460906,0.11754005176886154,2.057406827459988
1269,10,4.47147132349077,0.13840713835621327,2.1560329391425497
1269,11,2.906151092169461,0.12347161704349278,2.277173800687872
1269,12,0.9670880818539398,0.2863456859479885,2.4807672884504712
1270,1,-0.5751087167234683,0.2608763895822917,2.801332481668061
1270,2,-5.423473348393352,0.3385386294042291,2.541909173084292
1270,3,-9.774079033837102,0.09430013979481283,1.9390144110601235
1270,4,-13.787846004487076,0.08658779706785029,1.604154967251327
1270,5,-16.50892775590194,0.046178035685101974,0.9014143904097052
1270,6,-15.009780151761491,-0.03453178696232817,0.1526231154071703
1270,7,-14.170435232206312,-0.08337416875461943,-0.6476008529017037
1270,8,-12.154718597027358,-0.0197410414408568,-0.965520013016644
1270,9,-9.252574158267972,-0.054554073902662065,-1.1455858134648351
1270,10,-6.845633088579631,-0.009514932681815778,-1.1819680556650582
1270,11,-5.520292323675247,-0.05361674576432581,-1.2325563904227057
1270,12,-3.392773730387174,-0.14044936993771942,-1.284223427411478
1271,1,-2.5559319985299784,-0.10831804231636848,-1.2303916380779976
1271,2,-2.4246966754680264,-0.1926726068877638,-1.2578157177577791
1271,3,-1.0581149767331104,-0.0907793632058624,-1.3451170475336909
1271,4,0.5413042312639109,-0.15143179381769153,-1.2097891362679198
1271,5,1.7813955015975451,-0.08741881495295484,-0.9745308983754984
1271,6,3.492114376967124,-0.11388643784748823,-1.0112224937598129
1271,7,4.603002164745499,-0.1260624958277859,-1.043642878012166
1271,8,3.3227870120124905,-0.20522217600631387,-1.032671143469277
1271,9,1.9260835240919008,-0.212306230000124,-1.2668968180131088
1271,10,1.1963965808157575,-0.06284863212244982,-1.7491581902694435
1271,11,2.809011226779074,-0.13686309500433194,-1.9280522202213823
1271,12,5.2718844698273735,-0.10095026340159312,-1.8289298296230343
1272,1,9.075125431408864,-0.1925757500121495,-1.667384678712552
1272,2,10.607242613174227,-0.16696174621912094,-1.4390481919835705
1272,3,12.31115956519768,-0.0816731276681415,-1.1320305807834052
1272,4,13.754963673104298,-0.06302394889125036,-0.9315367478490936
1272,5,15.870582167682745,-0.010671235446280349,-0.7151554148507533
1272,6,16.011589151968387,-0.0027251870761753447,-0.3104620798094675
1272,7,12.926306716895487,-0.12289395868775099,0.1062949565347143
1272,8,9.26548530716268,0.013213423172271262,0.1681989909944729
1272,9,8.554378967355344,-0.1034871644870488,0.4080263190781076
1272,10,6.495880638079629,-0.018848162053057275,0.2623119097442291
1272,11,6.411403565875676,-0.00802494985875794,0.2129600953461461
1272,12,7.902977157956725,0.09253769705291107,0.4224930037789146
1273,1,8.987727466464815,-0.015527780803221305,0.5109965381283536
1273,2,8.964452527688787,0.06273699875806167,0.645900425205256
1273,3,10.5364118651058,0.08271776662369704,0.9779191568817922
1273,4,10.302696539065266,0.18262499204323582,1.178271622549222
1273,5,8.744670925073887,0.20015934565600604,1.1982179516442668
1273,6,8.18264317115162,0.13840693022960188,1.30518551267688
1273,7,4.972812315425606,0.20277935062890032,1.8651700289166864
1273,8,3.857772862066099,0.3023737935795542,2.6150901989329545
1273,9,3.9804554295008336,0.21448951462721347,3.0492179923168967
1273,10,2.995546491395902,0.31230800163647954,3.3475131359778847
1273,11,0.4570636682901342,0.23691026504611812,3.648001144493585
1273,12,-5.075530307620463,0.42704957592062076,3.518719410338979
1274,1,-11.701033211468197,0.37351880435986873,3.412116211744147
1274,2,-16.26026854382141,0.33429351700247967,2.619359765841768
1274,3,-18.014944566042075,0.20647719846868928,2.149064238152613
1274,4,-20.876828651776965,0.12940601589475634,1.3790509892851526
1274,5,-21.801993349830063,0.11626102198990601,1.0137504518860516
1274,6,-23.52498262015822,0.02975961954237396,0.840788313369918
1274,7,-23.031315518369777,-0.0013869747138921767,-0.071097854381209
1274,8,-21.57501430293736,0.007902202245871936,-1.2630139667975138
1274,9,-18.991148304437168,0.03357606849739915,-1.5471358862371352
1274,10,-17.051221055156432,-0.02486432854144268,-1.4753463493076575
1274,11,-15.953799213133848,-0.08126098228758312,-1.5877702312139523
1274,12,-12.803426718390218,-0.07749304550318856,-2.014299425083557
1275,1,-6.317357788347809,-0.12286637662370255,-1.9866541846921133
1275,2,-4.127891103311775,-0.17137586707119468,-1.7902214255801416
1275,3,-2.7142597256306,-0.0657249955044333,-1.603531433391314
1275,4,0.441163099574056,-0.09721101243532518,-1.5911383245429902
1275,5,2.585201686758396,-0.07869503149400543,-1.392218504373829
1275,6,3.1684196025091853,-0.05667284333089893,-1.1512684442456662
1275,7,3.8008628242655744,-0.06907422497258137,-1.0947945954987202
1275,8,3.41157487666101,-0.09261929160403228,-1.149461959006266
1275,9,2.738872005833587,-0.017714349457707248,-1.060440768739452
1275,10,2.916673265078534,-0.09836502129280705,-1.008981650894695
1275,11,2.1294408057370022,-0.03175939231097851,-1.0176222338944487
1275,12,3.684960229687871,-0.012245856748887493,-0.9936146217045764
1276,1,6.532038915307041,-0.04718906678725028,-0.7838550240812852
1276,2,6.964828300595955,-0.06921035365027442,-0.5474028116791421
1276,3,4.027362804329716,-0.1033205644728294,-0.3288827911125604
1276,4,2.685576972706338,0.05501131671779276,0.007612700971053
1276,5,1.590500097029233,-0.023996137983923086,-0.0746161241536489
1276,6,-0.8989005241746788,0.011838032019640099,-0.0270274677776785
1276,7,-1.552462116857363,0.01228332743172805,0.1000984794790536
1276,8,-2.7327567329471427,-0.07281794830237771,-0.0050148707877877
1276,9,-3.325146848641353,0.011721281778302615,-0.1410328150656197
1276,10,-3.553920637467171,-0.06684962673606866,-0.2426775656409975
1276,11,-3.080002674658453,0.03139060847815507,-0.5053552840390904
1276,12,-1.809599022475854,-0.057853957013911134,-0.7944073518084072
1277,1,-0.2451058094032794,-0.040443773421698234,-0.9813151855902096
1277,2,1.3770569490036102,-0.11802931699096494,-0.9986382420082546
1277,3,3.593386750840812,-0.06721765321338953,-0.8395856632046028
1277,4,4.813195509096039,-0.048258180676025414,-0.7229949030982208
1277,5,6.410551980619233,-0.02463736229923919,-0.4345102174520301
1277,6,7.130069728616034,-0.032578548033741626,-0.3748145716694107
1277,7,8.326163762019698,0.09251096595597115,-0.2626317125210002
1277,8,10.742493643559415,0.12634447582103198,0.2490003863012801
1277,9,9.5572050630543,0.04491245120141032,0.5044874042417324
1277,10,7.566718428636036,-0.08379703853635508,0.370906948215301
1277,11,6.7807835057115815,0.05599708950196874,0.2349881642620499
1277,12,7.046674870481907,0.017495539765242228,0.2930679837241363
1278,1,6.734314326979759,-0.012036290345194786,0.3750817623840731
1278,2,5.134242194065217,-0.0014139637742537417,0.523309100686565
1278,3,5.961410575431761,0.11621155678487503,0.659017595088927
1278,4,7.3235711121842115,0.10021596287605183,0.9657131007237046
1278,5,6.80171247632723,0.21110861739466513,1.3443981178372266
1278,6,6.340569537907628,0.1481649838098216,1.4410387110195328
1278,7,4.33604118724973,0.28831228198714653,1.897444293609913
1278,8,3.59242052367299,0.22893588239683582,2.775648958833229
1278,9,2.12555475631385,0.23736393628932362,3.248419769812478
1278,10,0.69953500530083,0.13833713148104015,3.3002548015782547
1278,11,-1.6391469010555533,0.21105071040731244,3.422126219359618
1278,12,-6.002582244176106,0.40048928290607905,3.522472194871407
1279,1,-11.43332789095482,0.29380986570676215,3.306542293552833
1279,2,-14.498325612046726,0.3620514966433057,2.9446039283536285
1279,3,-17.35942320768524,0.20513103832600305,2.3917758156194897
1279,4,-18.88904917404974,0.14632663274084737,1.5227265957356018
1279,5,-19.15668518187078,0.10090093699532517,0.983292159448941
1279,6,-20.436824985544742,0.05700711065768122,1.0011294228233767
1279,7,-21.54256235931954,-0.07502934174349048,0.4848553923219726
1279,8,-22.41121657507633,-0.007440744986599866,-1.33303450395099
1279,9,-18.922816474108423,0.04162720943987365,-1.235378596703577
1279,10,-16.763956647593695,-0.038938474370806796,-0.8143080659352337
1279,11,-15.703194634947554,-0.017345065924319978,-1.0083305460330945
1279,12,-14.04019152736011,-0.09072043719091437,-1.3068908728095596
1280,1,-11.433320102233647,-0.10664920430062667,-1.386521959374129
1280,2,-10.4732869585098,-0.2657076755894151,-1.623894910859532
1280,3,-9.720029699767348,-0.15699327746247094,-1.7193253290355923
1280,4,-7.404646019933732,-0.11326438796025583,-1.685692845034833
1280,5,-3.4545891341634256,-0.13436818779020795,-1.600839740653327
1280,6,-1.2171046090255773,-0.17112292776057025,-1.6028679173047513
1280,7,-0.0117044441213613,-0.18825680302133285,-1.8597583555363104
1280,8,-0.3993109427483084,-0.18259913233517647,-2.0199525485795244
1280,9,-1.2991763473697406,-0.19667373941410318,-2.179091826718032
1280,10,-2.3343477662677548,-0.147687487904167,-2.766369735733703
1280,11,-0.0406961582172672,-0.1202534169488037,-2.7998581027152585
1280,12,4.35973489053843,-0.18622578276124155,-2.4374338046375765
1281,1,10.106092718513889,-0.00014117772371469742,-2.3607299168723697
1281,2,14.101153636165966,-0.1494578162605299,-1.882259726038916
1281,3,14.365568798611816,-0.09468897840247018,-1.571783796637427
1281,4,13.62612566785241,-0.092503429740258,-1.11839100542314
1281,5,12.292199223634023,-0.041020986516802964,-1.0339312600413575
1281,6,10.185914508182051,-0.1003704289544037,-0.7131997367981434
1281,7,7.304012316418795,-0.1077252836837464,-0.6313821896616082
1281,8,6.294011535568437,-0.0196095458842241,-0.5640141298748091
1281,9,6.040781622072641,-0.0009828915245163065,-0.2591151738947265
1281,10,6.089488877613366,-0.08302923702204422,-0.0192238755605331
1281,11,4.957872211057872,0.0204472905056616,-0.0034841472431595
1281,12,4.416691216299255,-0.048280835633480484,-0.0515254762180345
1282,1,5.078540482830008,0.010779049160707542,0.022557003615608
1282,2,4.946045122567054,0.1623923493367443,0.3773201682436147
1282,3,7.441727406507588,0.10092904508824053,0.9377316114871792
1282,4,6.993311143733038,0.09005140442789474,0.9227342581569756
1282,5,5.882644853729809,0.1476107816221302,1.043231237245977
1282,6,5.723774534959558,0.1110043239366645,1.1479765698897817
1282,7,4.649505281196007,0.1100665576832223,1.5519722326222016
1282,8,2.6481075575404023,0.16918533544955244,1.8366727308911297
1282,9,3.645336025500772,0.22570385999518472,2.0336205230338216
1282,10,4.078646927985114,0.20539765437855861,2.5545886575924586
1282,11,2.1895330082123854,0.3061299076270763,2.737998568035896
1282,12,0.2807794367919399,0.31117768266813295,3.085316410830889
1283,1,-5.245674415175714,0.3638463259101719,3.199429658828212
1283,2,-9.968111863031206,0.3035413569847142,2.6880654591934428
1283,3,-14.062751631632915,0.2424545577322084,2.375324061742988
1283,4,-18.619306382144387,0.07680279679284567,1.426143505108667
1283,5,-21.66566059436635,0.08163649890058168,1.0104050430383285
1283,6,-20.65270207113804,0.054228997439593335,0.2067340290502477
1283,7,-18.57356609392553,-0.11902227665363001,-1.198005095373348
1283,8,-16.790472488166987,-0.0053274930624916455,-1.9507878001129173
1283,9,-13.61663266776346,-0.04348423918813879,-1.7240038935114568
1283,10,-12.18025526882318,-0.07564317285670016,-1.8106594990105207
1283,11,-10.909644952767698,-0.07015433088189789,-2.157217970172045
1283,12,-8.116983959880702,-0.1808538511000104,-2.3623699279375527
1284,1,-3.9915465938231054,-0.1317228361240659,-2.2942661532396844
1284,2,0.9987952930750276,-0.11510546264496349,-2.243057937799831
1284,3,3.726870945040744,-0.15910613380524702,-1.6950664009493617
1284,4,6.422493789473762,-0.07036725352298004,-1.3556781399781368
1284,5,7.930364337826984,-0.05219564139075256,-1.1036185021109524
1284,6,7.429944172957696,-0.11566380128582357,-0.9992609069365924
1284,7,6.291777347494412,-0.11339804459900943,-1.0300933263880208
1284,8,4.245291716955951,-0.13360762403967436,-0.9912075268161006
1284,9,2.8006748998331026,-0.1751446797088261,-1.0049359571931102
1284,10,1.6979700275265412,-0.12778213232025884,-1.151300186081295
1284,11,1.6828531960903472,-0.16504665334118923,-1.4040549479203746
1284,12,2.62580284020847,-0.134493174446444,-1.3929674869384838
1285,1,5.605519346653467,-0.15453438295914407,-1.270717360224945
1285,2,7.305554162503751,-0.06250991938267851,-1.1721905905470846
1285,3,8.220582508201982,-0.1103090251150112,-0.9832370443586156
1285,4,9.751280308889866,-0.006118108648252432,-0.7518170119280605
1285,5,9.64432721141557,-0.04101223728467065,-0.6289175773303535
1285,6,7.49944931112045,-0.06226761127657478,-0.3438943908988334
1285,7,5.000218936123622,0.02676653662117294,-0.0977728087356299
1285,8,4.87763129446459,-0.05076502572032732,0.1332286559468468
1285,9,3.151674971801196,-0.10780042607699664,0.0048308564145274
1285,10,3.060240124302655,-0.01825715031333646,0.0097977440194638
1285,11,1.5368515304465906,-0.09933775284208031,-0.1443486954776402
1285,12,0.7284454722621932,-0.010714120814139631,-0.3436640028467604
1286,1,2.4304578368030194,-0.07770954177273715,-0.3158351969621774
1286,2,4.616068847013223,0.04639439563691445,-0.2243412816034981
1286,3,7.7125258138449695,-0.0757970517756065,-0.1459105294313343
1286,4,8.761090998423553,0.042459972909805486,0.177586254857781
1286,5,9.2421654515221,0.014845904519539722,0.3701823632356264
1286,6,8.969091711643875,0.12224425963072173,0.539787616407111
1286,7,9.04040984712964,0.12114611398075117,1.1748205762392598
1286,8,7.831385608567765,0.1183326345134671,1.701034908789107
1286,9,8.193036078059631,0.14709559363456243,1.974941504347492
1286,10,7.845589271578141,0.18380871395816523,2.179769454619233
1286,11,6.493364715309848,0.13408667776657815,2.334462761173037
1286,12,3.615546232916768,0.3372049081473819,2.757856002184069
1287,1,0.2013164754160701,0.2991773695859194,2.953888917626061
1287,2,-4.500943324736071,0.12512722711454394,2.566707674613755
1287,3,-9.348879371777542,0.26144936631294075,1.8839863868117768
1287,4,-12.455165693889652,0.03447122249191682,1.1662148930995049
1287,5,-14.845369960467345,0.04250229536105903,0.7000700368501835
1287,6,-14.731034341310965,0.08750396057191714,0.3093533852208714
1287,7,-11.991416100720633,0.021770875706316604,-0.6128995484576382
1287,8,-9.021827535412656,0.08663006557329467,-0.8678233895358602
1287,9,-5.838028869280044,0.059938786366298895,-0.4104556496280966
1287,10,-4.5845387238829005,0.06838389958788495,-0.1037340262163129
1287,11,-4.24372613319946,-0.029066985126863572,0.086520228950827
1287,12,-5.341627815927334,-0.038102893761268374,-0.1099380973013427
1288,1,-6.604580196654752,-0.02174249651607894,-0.2128849480138115
1288,2,-5.230402897963549,-0.10138713182226322,-0.4433340864852564
1288,3,-5.133011715641528,-0.09645597762717176,-0.6256220180246632
1288,4,-4.997182665528551,-0.062256362932349436,-0.5291507311715358
1288,5,-4.385395275704497,-0.07835704753825516,-0.6438385447811348
1288,6,-3.2382424219751367,-0.11456208597312995,-0.7797707223882201
1288,7,-1.464686684772616,-0.09880779878495385,-0.7442129433691819
1288,8,0.2733892971345473,-0.06403825186819215,-0.6631454770460015
1288,9,0.3929006162969589,-0.11221279588837632,-0.5711168647616283
1288,10,-0.0077042793226638,-0.09156228201402704,-0.7408758376871591
1288,11,1.0500214073889458,-0.09542454604505314,-0.9917098286561098
1288,12,2.075909819303304,-0.14826937598880405,-1.1391845932470142
1289,1,3.170287061201744,-0.15711280735245567,-1.0853127654769026
1289,2,6.707838071161535,-0.1091219219018643,-0.9898715461533804
1289,3,7.079013873892813,-0.10053797932700144,-0.700588151677275
1289,4,8.096626257622189,-0.033222313997382534,-0.3834099628354783
1289,5,8.603531213840883,-0.004318005800393857,-0.1606654510799707
1289,6,7.306670811870797,-0.024172228498792858,0.0389656691726234
1289,7,5.630691690062208,-0.05267087919338062,0.1335323519145922
1289,8,5.762410074435775,0.020768303563801858,0.2390118847891213
1289,9,4.113867894863604,-0.04610790249402456,0.1250316328750057
1289,10,3.243091192196452,-0.08656724880829202,-0.0066703063414683
1289,11,3.163457260432387,0.037835822758935225,-0.1232858557574591
1289,12,5.754296004755964,0.04598572086503123,-0.0064841027532698
1290,1,7.101714990470419,0.0463853425877292,0.0485747500295575
1290,2,6.44191006433338,-0.013341313683182712,0.1388899554855183
1290,3,6.371560403002553,0.016685512402163497,0.1294002948490688
1290,4,6.134008213501558,0.05713518610922392,0.225507996869846
1290,5,6.168621647003613,0.041793015532143596,0.2794952271745548
1290,6,5.908900882127949,0.11130645895124323,0.5143132675276041
1290,7,5.353891101184173,0.15818905847452236,0.9939772318950612
1290,8,4.380419417715205,0.07513676406160558,1.5019870523621297
1290,9,2.954480097565389,0.07624532393225254,1.5756556980284009
1290,10,2.8059511416251226,0.16037139721263932,1.7524550156566638
1290,11,3.051102381109293,0.17971038002559023,2.0199088320342744
1290,12,1.919359454286165,0.16853902371078705,2.32728091864486
1291,1,0.1741445285579062,0.25778650081792104,2.549101130358177
1291,2,-1.0446283761885842,0.2505018988344618,2.3916268356750927
1291,3,-3.183512496708042,0.17171864966859474,2.1105259834718417
1291,4,-6.325899845589559,0.13381365375412366,1.7502966990164222
1291,5,-7.915159023053645,0.13081192345017315,1.5214150485428033
1291,6,-9.354699928786651,0.10854937495914403,1.5163525809430385
1291,7,-7.802770206456057,0.18579665569087062,1.6713483092237889
1291,8,-7.724187153487164,0.011177153192175502,1.7242667418908524
1291,9,-7.963536812345437,0.07917354510399048,1.2418007132746025
1291,10,-8.078655756848564,0.02325720656980458,1.1105109237096915
1291,11,-8.294971514774907,0.03850402695019098,1.153283745290386
1291,12,-9.374042782100627,0.0441649737158465,1.0275459021265774
1292,1,-11.895905647870478,0.04091699236483402,0.5515848433425404
1292,2,-11.17074563296976,-0.004543520181632596,0.1093095392815153
1292,3,-10.268994224739115,-0.02686439957400187,-0.2685048163119386
1292,4,-9.221254094580166,-0.08668729795773727,-0.6561370816420729
1292,5,-7.289550209448987,-0.04352821564071022,-0.6973933619775716
1292,6,-4.280908351422196,-0.08945102842121665,-0.9145025717979413
1292,7,-1.606420643172297,-0.05426867291122078,-1.2941404978712137
1292,8,0.5120697683412905,-0.053005979101490866,-1.229139263406729
1292,9,0.7024951063036516,-0.050110458119497686,-1.082763617547345
1292,10,1.0580968532071509,-0.13338201528299415,-1.5444375692810686
1292,11,0.1931514692948758,-0.06473958311438123,-1.744270720362327
1292,12,2.071796811950126,-0.18296875775111424,-1.7330171522525402
1293,1,3.9016487925409056,-0.12954812771820298,-1.7328113275388688
1293,2,5.594805738132863,-0.13683138801439915,-1.4322554012848785
1293,3,6.943258964004572,-0.11959864163533142,-1.1241824239767937
1293,4,6.4755304883221925,-0.1430092714927343,-0.9119438884508873
1293,5,6.135613682980587,-0.04497817936195386,-0.4673821583193606
1293,6,5.81651430795595,0.013528098558080265,-0.3817004938575702
1293,7,5.493116842760544,-0.06668308957273152,-0.2414174739463707
1293,8,2.1450769443877062,-0.1599343315326626,-0.4896206846296025
1293,9,1.5062932162486065,0.044435879737282635,-0.7041338046418931
1293,10,1.0933778734982724,-0.17297250984825494,-0.5579179792661004
1293,11,-0.0930937002286356,-0.03838593075416611,-0.957990768542588
1293,12,1.365880416375194,-0.1634618891431014,-1.1235262637101184
1294,1,3.311666897394836,-0.10724391310108325,-1.0390045675371016
1294,2,3.172411087092129,-0.13570891021223197,-0.7753794998971957
1294,3,2.0832914784028014,-0.1843332476586288,-1.035800493003371
1294,4,1.3198155278077757,-0.10713427297079935,-0.9804016931294506
1294,5,2.792698179839851,-0.06776235774832737,-0.6671822180000265
1294,6,3.587573839869195,-0.08241663639829412,-0.5659874198947006
1294,7,2.368754040723466,-0.11247681931326815,-0.6062361035457703
1294,8,1.4823219646469183,-0.12377069443052019,-0.7003848899207291
1294,9,2.040762564951759,-0.05255158242357479,-0.664461319453608
1294,10,2.4057832457956616,-0.050629939093495925,-0.7363639692021916
1294,11,1.4622784804326774,-0.11653353785159598,-0.981624929297549
1294,12,3.2802850935697663,-0.08527493394822111,-1.1155263244969706
1295,1,6.086655388713223,-0.07818604810964254,-1.242913114055508
1295,2,9.403100112330238,-0.0728543973498311,-1.0094512661048498
1295,3,11.308370988768107,-0.07194824654936542,-0.618161662089481
1295,4,12.0205730377193,-0.02794999837241959,-0.3248559349350752
1295,5,11.725204276336232,-0.019750036388868752,-0.0114755534750534
1295,6,10.340855360724245,-0.055215009364974574,0.023738420652602
1295,7,7.794564758943544,0.020252362369855347,0.1956165704289947
1295,8,7.975778486873497,0.01934001478698136,0.5824348767260856
1295,9,7.267643740086835,0.036947466003670264,0.7246501361540068
1295,10,6.2125365985663175,0.03706328904633289,0.8877441396291601
1295,11,5.958388895623012,0.11343983891027758,0.9948768034485272
1295,12,6.02455587664576,0.025666203214761363,0.9765838240870888
1296,1,4.407238597406819,0.028784873308431436,0.9915374014041352
1296,2,1.1776884185271683,-0.011619723670668004,0.9086799429872404
1296,3,0.4610539342340441,0.17602299060047477,0.971124909470444
1296,4,1.0541832521238643,0.08656735831423976,1.043338707208541
1296,5,1.3090164356340692,0.10311716917108972,0.8706160916616119
1296,6,1.3298561472475978,0.12966712883661446,1.0469084542841325
1296,7,2.1217071460884904,0.17662556646476563,1.6848182753948178
1296,8,2.7394570242507807,0.2344575254102721,2.5575391286350584
1296,9,3.0052894656215647,0.20902030933554644,2.9505736992683778
1296,10,2.5538723911375936,0.2486777790837637,3.251017488145698
1296,11,0.75814089675762,0.14410230501199167,3.478039203301221
1296,12,-3.4004305162888024,0.4537004272856864,3.414259474124353
1297,1,-6.641737019470704,0.3774161620970245,3.2761819595898367
1297,2,-12.017723201718312,0.2959510240511634,3.1182775485072622
1297,3,-15.794004630341345,0.28512942746733005,2.714459905680895
1297,4,-16.970519382183035,0.2759952760011347,2.1462452944747064
1297,5,-19.4403895639526,0.0301752456249704,1.730433781383886
1297,6,-21.473282400758897,0.12769633834358593,1.5855780309977563
1297,7,-22.22882413007513,0.05009155540495704,1.5634068296858812
1297,8,-24.25829407387849,-0.052709465957508674,0.565905502707754
1297,9,-22.63299657097318,0.0014094915793714923,-0.2605511467850027
1297,10,-22.17980429964124,-0.009351520943493377,-0.3003475405921109
1297,11,-22.535700159143445,-0.13153204984342226,-0.5670689768366258
1297,12,-21.430107543777343,-0.0571451407347898,-1.1199980310478894
1298,1,-16.567443533802493,-0.039092957557640036,-1.3925607976532677
1298,2,-13.973915975937564,-0.25585625693425285,-1.889352000055853
1298,3,-13.840377128271562,-0.18324985618044012,-2.221250468594817
1298,4,-11.989975355151694,-0.14604253141763182,-2.1645135074061748
1298,5,-8.792424928439454,-0.16827790303067414,-2.167946503992141
1298,6,-5.216349892629023,-0.14728662731330436,-2.5334532505303784
1298,7,-2.685041166229375,-0.09579155195643359,-2.958773307336515
1298,8,-1.635489611535926,-0.11863926338423247,-2.69195297249827
1298,9,1.2182062203088384,-0.12418802784400536,-2.6666183844956324
1298,10,1.7091884147537428,-0.2016486613687791,-2.574432619034248
1298,11,2.58836678954838,-0.16611540411568052,-2.900867894069617
1298,12,5.552823417908311,-0.23094819172305403,-2.667294991101088
1299,1,9.368774385590305,-0.1791570785901599,-2.372555800086748
1299,2,11.484205535881484,-0.17539544276977265,-2.1756774788820588
1299,3,12.081677958968868,-0.16404341892101615,-1.7675715859654948
1299,4,12.337890500874648,-0.07730051262853022,-1.3538803942936029
1299,5,13.660807848506304,-0.037758989562874226,-0.9934386679081226
1299,6,12.5678455710398,0.01574052208156618,-0.7548829287746974
1299,7,10.07607929880012,0.014779906734829361,-0.381594544145691
1299,8,8.001935125092961,-0.11265797457110785,-0.0626701523338985
1299,9,5.376535507181934,-0.07247149588616697,0.0348434791879738
1299,10,4.011993158035768,-0.02993828085453626,0.1301584193019828
1299,11,3.5839240402381645,-0.02929593878173144,0.0273643053454831
1299,12,2.460687648117606,-0.04569449798915153,-0.1301058619614224
1300,1,1.7418010892519091,-0.08242498125958418,-0.1263519013217804
1300,2,0.2201363928566258,-0.013104991678922182,0.1221301129905517
1300,3,2.8519615497305115,0.07511446688397772,0.2550194589382099
1300,4,3.342471908276108,-0.014339626371696985,0.1670641039541148
1300,5,2.8872641764484004,0.049977970831792035,0.2316569315264624
1300,6,1.5740706284773252,-0.0015696347938324914,0.3865123247691522
1300,7,0.0307905075257582,-0.022660289636456193,0.3244950166405902
1300,8,0.3088004280137285,0.05222490049087587,0.0299612914763448
1300,9,1.3059324551229765,-0.05562189609728017,0.1424751196165991
1300,10,1.1708915054643383,0.031526123252702154,0.1196167174631965
1300,11,1.7099404805125793,-0.01965474559199188,0.0939188448686225
1300,12,1.697975849817307,-0.029239150309517393,0.1035867601335839
